<?xml version="1.0" encoding="UTF-8"?>
<!DOCTYPE mapper PUBLIC "-//mybatis.org//DTD Mapper 3.0//EN" "http://mybatis.org/dtd/mybatis-3-mapper.dtd">
<mapper namespace="com.syc.oa.mapper.TbDocMapper">
  <resultMap id="BaseResultMap" type="com.syc.oa.domain.TbDoc">
    <id column="id" jdbcType="INTEGER" property="id" />
    <result column="createDate" jdbcType="TIMESTAMP" property="createdate" />
    <result column="fileName" jdbcType="VARCHAR" property="filename" />
    <result column="title" jdbcType="VARCHAR" property="title" />
    <result column="uid" jdbcType="INTEGER" property="uid" />
  </resultMap>
  <resultMap extends="BaseResultMap" id="ResultMapWithBLOBs" type="com.syc.oa.domain.TbDoc">
    <result column="remark" jdbcType="LONGVARCHAR" property="remark" />
  </resultMap>
  <sql id="Example_Where_Clause">
    <where>
      <foreach collection="oredCriteria" item="criteria" separator="or">
        <if test="criteria.valid">
          <trim prefix="(" prefixOverrides="and" suffix=")">
            <foreach collection="criteria.criteria" item="criterion">
              <choose>
                <when test="criterion.noValue">
                  and ${criterion.condition}
                </when>
                <when test="criterion.singleValue">
                  and ${criterion.condition} #{criterion.value}
                </when>
                <when test="criterion.betweenValue">
                  and ${criterion.condition} #{criterion.value} and #{criterion.secondValue}
                </when>
                <when test="criterion.listValue">
                  and ${criterion.condition}
                  <foreach close=")" collection="criterion.value" item="listItem" open="(" separator=",">
                    #{listItem}
                  </foreach>
                </when>
              </choose>
            </foreach>
          </trim>
        </if>
      </foreach>
    </where>
  </sql>
  <sql id="Update_By_Example_Where_Clause">
    <where>
      <foreach collection="example.oredCriteria" item="criteria" separator="or">
        <if test="criteria.valid">
          <trim prefix="(" prefixOverrides="and" suffix=")">
            <foreach collection="criteria.criteria" item="criterion">
              <choose>
                <when test="criterion.noValue">
                  and ${criterion.condition}
                </when>
                <when test="criterion.singleValue">
                  and ${criterion.condition} #{criterion.value}
                </when>
                <when test="criterion.betweenValue">
                  and ${criterion.condition} #{criterion.value} and #{criterion.secondValue}
                </when>
                <when test="criterion.listValue">
                  and ${criterion.condition}
                  <foreach close=")" collection="criterion.value" item="listItem" open="(" separator=",">
                    #{listItem}
                  </foreach>
                </when>
              </choose>
            </foreach>
          </trim>
        </if>
      </foreach>
    </where>
  </sql>
  <sql id="Base_Column_List">
    id, createDate, fileName, title, uid
  </sql>
  <sql id="Blob_Column_List">
    remark
  </sql>
  <select id="selectByExampleWithBLOBs" parameterType="com.syc.oa.domain.TbDocExample" resultMap="ResultMapWithBLOBs">
    select
    <if test="distinct">
      distinct
    </if>
    <include refid="Base_Column_List" />
    ,
    <include refid="Blob_Column_List" />
    from tb_doc
    <if test="_parameter != null">
      <include refid="Example_Where_Clause" />
    </if>
    <if test="orderByClause != null">
      order by ${orderByClause}
    </if>
  </select>
  <select id="selectByExample" parameterType="com.syc.oa.domain.TbDocExample" resultMap="BaseResultMap">
    select
    <if test="distinct">
      distinct
    </if>
    <include refid="Base_Column_List" />
    from tb_doc
    <if test="_parameter != null">
      <include refid="Example_Where_Clause" />
    </if>
    <if test="orderByClause != null">
      order by ${orderByClause}
    </if>
  </select>
  <select id="selectByPrimaryKey" parameterType="java.lang.Integer" resultMap="ResultMapWithBLOBs">
    select 
    <include refid="Base_Column_List" />
    ,
    <include refid="Blob_Column_List" />
    from tb_doc
    where id = #{id,jdbcType=INTEGER}
  </select>
  <delete id="deleteByPrimaryKey" parameterType="java.lang.Integer">
    delete from tb_doc
    where id = #{id,jdbcType=INTEGER}
  </delete>
  <delete id="deleteByExample" parameterType="com.syc.oa.domain.TbDocExample">
    delete from tb_doc
    <if test="_parameter != null">
      <include refid="Example_Where_Clause" />
    </if>
  </delete>
  <insert id="insert" parameterType="com.syc.oa.domain.TbDoc">
    insert into tb_doc (id, createDate, fileName, 
      title, uid, remark
      )
    values (#{id,jdbcType=INTEGER}, #{createdate,jdbcType=TIMESTAMP}, #{filename,jdbcType=VARCHAR}, 
      #{title,jdbcType=VARCHAR}, #{uid,jdbcType=INTEGER}, #{remark,jdbcType=LONGVARCHAR}
      )
  </insert>
  <insert id="insertSelective" parameterType="com.syc.oa.domain.TbDoc">
    insert into tb_doc
    <trim prefix="(" suffix=")" suffixOverrides=",">
      <if test="id != null">
        id,
      </if>
      <if test="createdate != null">
        createDate,
      </if>
      <if test="filename != null">
        fileName,
      </if>
      <if test="title != null">
        title,
      </if>
      <if test="uid != null">
        uid,
      </if>
      <if test="remark != null">
        remark,
      </if>
    </trim>
    <trim prefix="values (" suffix=")" suffixOverrides=",">
      <if test="id != null">
        #{id,jdbcType=INTEGER},
      </if>
      <if test="createdate != null">
        #{createdate,jdbcType=TIMESTAMP},
      </if>
      <if test="filename != null">
        #{filename,jdbcType=VARCHAR},
      </if>
      <if test="title != null">
        #{title,jdbcType=VARCHAR},
      </if>
      <if test="uid != null">
        #{uid,jdbcType=INTEGER},
      </if>
      <if test="remark != null">
        #{remark,jdbcType=LONGVARCHAR},
      </if>
    </trim>
  </insert>
  <select id="countByExample" parameterType="com.syc.oa.domain.TbDocExample" resultType="java.lang.Long">
    select count(*) from tb_doc
    <if test="_parameter != null">
      <include refid="Example_Where_Clause" />
    </if>
  </select>
  <update id="updateByExampleSelective" parameterType="map">
    update tb_doc
    <set>
      <if test="record.id != null">
        id = #{record.id,jdbcType=INTEGER},
      </if>
      <if test="record.createdate != null">
        createDate = #{record.createdate,jdbcType=TIMESTAMP},
      </if>
      <if test="record.filename != null">
        fileName = #{record.filename,jdbcType=VARCHAR},
      </if>
      <if test="record.title != null">
        title = #{record.title,jdbcType=VARCHAR},
      </if>
      <if test="record.uid != null">
        uid = #{record.uid,jdbcType=INTEGER},
      </if>
      <if test="record.remark != null">
        remark = #{record.remark,jdbcType=LONGVARCHAR},
      </if>
    </set>
    <if test="_parameter != null">
      <include refid="Update_By_Example_Where_Clause" />
    </if>
  </update>
  <update id="updateByExampleWithBLOBs" parameterType="map">
    update tb_doc
    set id = #{record.id,jdbcType=INTEGER},
      createDate = #{record.createdate,jdbcType=TIMESTAMP},
      fileName = #{record.filename,jdbcType=VARCHAR},
      title = #{record.title,jdbcType=VARCHAR},
      uid = #{record.uid,jdbcType=INTEGER},
      remark = #{record.remark,jdbcType=LONGVARCHAR}
    <if test="_parameter != null">
      <include refid="Update_By_Example_Where_Clause" />
    </if>
  </update>
  <update id="updateByExample" parameterType="map">
    update tb_doc
    set id = #{record.id,jdbcType=INTEGER},
      createDate = #{record.createdate,jdbcType=TIMESTAMP},
      fileName = #{record.filename,jdbcType=VARCHAR},
      title = #{record.title,jdbcType=VARCHAR},
      uid = #{record.uid,jdbcType=INTEGER}
    <if test="_parameter != null">
      <include refid="Update_By_Example_Where_Clause" />
    </if>
  </update>
  <update id="updateByPrimaryKeySelective" parameterType="com.syc.oa.domain.TbDoc">
    update tb_doc
    <set>
      <if test="createdate != null">
        createDate = #{createdate,jdbcType=TIMESTAMP},
      </if>
      <if test="filename != null">
        fileName = #{filename,jdbcType=VARCHAR},
      </if>
      <if test="title != null">
        title = #{title,jdbcType=VARCHAR},
      </if>
      <if test="uid != null">
        uid = #{uid,jdbcType=INTEGER},
      </if>
      <if test="remark != null">
        remark = #{remark,jdbcType=LONGVARCHAR},
      </if>
    </set>
    where id = #{id,jdbcType=INTEGER}
  </update>
  <update id="updateByPrimaryKeyWithBLOBs" parameterType="com.syc.oa.domain.TbDoc">
    update tb_doc
    set createDate = #{createdate,jdbcType=TIMESTAMP},
      fileName = #{filename,jdbcType=VARCHAR},
      title = #{title,jdbcType=VARCHAR},
      uid = #{uid,jdbcType=INTEGER},
      remark = #{remark,jdbcType=LONGVARCHAR}
    where id = #{id,jdbcType=INTEGER}
  </update>
  <update id="updateByPrimaryKey" parameterType="com.syc.oa.domain.TbDoc">
    update tb_doc
    set createDate = #{createdate,jdbcType=TIMESTAMP},
      fileName = #{filename,jdbcType=VARCHAR},
      title = #{title,jdbcType=VARCHAR},
      uid = #{uid,jdbcType=INTEGER}
    where id = #{id,jdbcType=INTEGER}
  </update>
</mapper>