<?xml version="1.0" encoding="UTF-8"?>
<!DOCTYPE mapper PUBLIC "-//mybatis.org//DTD Mapper 3.0//EN" "http://mybatis.org/dtd/mybatis-3-mapper.dtd">
<mapper namespace="com.syc.oa.mapper.TbSignMapper">
	<resultMap id="BaseResultMap" type="com.syc.oa.domain.TbSign">
		<id column="id" jdbcType="INTEGER" property="id" />
		<result column="createTime" jdbcType="TIMESTAMP" property="createtime" />
		<result column="flag" jdbcType="INTEGER" property="flag" />
		<result column="uid" jdbcType="INTEGER" property="uid" />
	</resultMap>
	<sql id="Example_Where_Clause">
		<where>
			<foreach collection="oredCriteria" item="criteria" separator="or">
				<if test="criteria.valid">
					<trim prefix="(" prefixOverrides="and" suffix=")">
						<foreach collection="criteria.criteria" item="criterion">
							<choose>
								<when test="criterion.noValue">
									and ${criterion.condition}
								</when>
								<when test="criterion.singleValue">
									and ${criterion.condition} #{criterion.value}
								</when>
								<when test="criterion.betweenValue">
									and ${criterion.condition} #{criterion.value}
									and
									#{criterion.secondValue}
								</when>
								<when test="criterion.listValue">
									and ${criterion.condition}
									<foreach close=")" collection="criterion.value" item="listItem"
										open="(" separator=",">
										#{listItem}
									</foreach>
								</when>
							</choose>
						</foreach>
					</trim>
				</if>
			</foreach>
		</where>
	</sql>
	<sql id="Update_By_Example_Where_Clause">
		<where>
			<foreach collection="example.oredCriteria" item="criteria"
				separator="or">
				<if test="criteria.valid">
					<trim prefix="(" prefixOverrides="and" suffix=")">
						<foreach collection="criteria.criteria" item="criterion">
							<choose>
								<when test="criterion.noValue">
									and ${criterion.condition}
								</when>
								<when test="criterion.singleValue">
									and ${criterion.condition} #{criterion.value}
								</when>
								<when test="criterion.betweenValue">
									and ${criterion.condition} #{criterion.value}
									and
									#{criterion.secondValue}
								</when>
								<when test="criterion.listValue">
									and ${criterion.condition}
									<foreach close=")" collection="criterion.value" item="listItem"
										open="(" separator=",">
										#{listItem}
									</foreach>
								</when>
							</choose>
						</foreach>
					</trim>
				</if>
			</foreach>
		</where>
	</sql>
	<sql id="Base_Column_List">
		id, createTime, flag, uid
	</sql>
	<select id="selectByExample" parameterType="com.syc.oa.domain.TbSignExample"
		resultMap="BaseResultMap">
		select
		<if test="distinct">
			distinct
		</if>
		<include refid="Base_Column_List" />
		from tb_sign
		<if test="_parameter != null">
			<include refid="Example_Where_Clause" />
		</if>
		<if test="orderByClause != null">
			order by ${orderByClause}
		</if>
	</select>
	<select id="selectByPrimaryKey" parameterType="java.lang.Integer"
		resultMap="BaseResultMap">
		select
		<include refid="Base_Column_List" />
		from tb_sign
		where id = #{id,jdbcType=INTEGER}
	</select>
	<delete id="deleteByPrimaryKey" parameterType="java.lang.Integer">
		delete from
		tb_sign
		where id = #{id,jdbcType=INTEGER}
	</delete>
	<delete id="deleteByExample" parameterType="com.syc.oa.domain.TbSignExample">
		delete from tb_sign
		<if test="_parameter != null">
			<include refid="Example_Where_Clause" />
		</if>
	</delete>
	<insert id="insert" parameterType="com.syc.oa.domain.TbSign">
		insert into tb_sign (id,
		createTime, flag,
		uid)
		values (#{id,jdbcType=INTEGER},
		#{createtime,jdbcType=TIMESTAMP},
		#{flag,jdbcType=INTEGER},
		#{uid,jdbcType=INTEGER})
	</insert>
	<insert id="insertSelective" parameterType="com.syc.oa.domain.TbSign">
		insert into tb_sign
		<trim prefix="(" suffix=")" suffixOverrides=",">
			<if test="id != null">
				id,
			</if>
			<if test="createtime != null">
				createTime,
			</if>
			<if test="flag != null">
				flag,
			</if>
			<if test="uid != null">
				uid,
			</if>
		</trim>
		<trim prefix="values (" suffix=")" suffixOverrides=",">
			<if test="id != null">
				#{id,jdbcType=INTEGER},
			</if>
			<if test="createtime != null">
				#{createtime,jdbcType=TIMESTAMP},
			</if>
			<if test="flag != null">
				#{flag,jdbcType=INTEGER},
			</if>
			<if test="uid != null">
				#{uid,jdbcType=INTEGER},
			</if>
		</trim>
	</insert>
	<select id="countByExample" parameterType="com.syc.oa.domain.TbSignExample"
		resultType="java.lang.Long">
		select count(*) from tb_sign
		<if test="_parameter != null">
			<include refid="Example_Where_Clause" />
		</if>
	</select>
	<update id="updateByExampleSelective" parameterType="map">
		update tb_sign
		<set>
			<if test="record.id != null">
				id = #{record.id,jdbcType=INTEGER},
			</if>
			<if test="record.createtime != null">
				createTime = #{record.createtime,jdbcType=TIMESTAMP},
			</if>
			<if test="record.flag != null">
				flag = #{record.flag,jdbcType=INTEGER},
			</if>
			<if test="record.uid != null">
				uid = #{record.uid,jdbcType=INTEGER},
			</if>
		</set>
		<if test="_parameter != null">
			<include refid="Update_By_Example_Where_Clause" />
		</if>
	</update>
	<update id="updateByExample" parameterType="map">
		update tb_sign
		set id = #{record.id,jdbcType=INTEGER},
		createTime =
		#{record.createtime,jdbcType=TIMESTAMP},
		flag =
		#{record.flag,jdbcType=INTEGER},
		uid = #{record.uid,jdbcType=INTEGER}
		<if test="_parameter != null">
			<include refid="Update_By_Example_Where_Clause" />
		</if>
	</update>
	<update id="updateByPrimaryKeySelective" parameterType="com.syc.oa.domain.TbSign">
		update tb_sign
		<set>
			<if test="createtime != null">
				createTime = #{createtime,jdbcType=TIMESTAMP},
			</if>
			<if test="flag != null">
				flag = #{flag,jdbcType=INTEGER},
			</if>
			<if test="uid != null">
				uid = #{uid,jdbcType=INTEGER},
			</if>
		</set>
		where id = #{id,jdbcType=INTEGER}
	</update>
	<update id="updateByPrimaryKey" parameterType="com.syc.oa.domain.TbSign">
		update tb_sign
		set
		createTime = #{createtime,jdbcType=TIMESTAMP},
		flag =
		#{flag,jdbcType=INTEGER},
		uid = #{uid,jdbcType=INTEGER}
		where id =
		#{id,jdbcType=INTEGER}
	</update>

	<!-- 自定义的查询方法 -->
	<select id="findSignChart" parameterType="java.lang.String"
		resultType="com.syc.oa.vo.SignChart">
		SELECT DATE_FORMAT(createTime,'%m月%d日') AS DAY ,COUNT(1) AS
		num FROM tb_sign
		WHERE createTime>=#{createTime}
		GROUP BY DATE_FORMAT(createTime,'%y-%m-%d');
	</select>
</mapper>