<?xml version="1.0" encoding="UTF-8"?>
<!DOCTYPE mapper PUBLIC "-//mybatis.org//DTD Mapper 3.0//EN" "http://mybatis.org/dtd/mybatis-3-mapper.dtd">
<mapper namespace="com.syc.oa.mapper.TbUserMapper">
  <resultMap id="BaseResultMap" type="com.syc.oa.domain.TbUser">
    <id column="id" jdbcType="INTEGER" property="id" />
    <result column="createDate" jdbcType="DATE" property="createdate" />
    <result column="loginName" jdbcType="VARCHAR" property="loginname" />
    <result column="password" jdbcType="VARCHAR" property="password" />
    <result column="status" jdbcType="INTEGER" property="status" />
    <result column="username" jdbcType="VARCHAR" property="username" />
  </resultMap>
  <sql id="Example_Where_Clause">
    <where>
      <foreach collection="oredCriteria" item="criteria" separator="or">
        <if test="criteria.valid">
          <trim prefix="(" prefixOverrides="and" suffix=")">
            <foreach collection="criteria.criteria" item="criterion">
              <choose>
                <when test="criterion.noValue">
                  and ${criterion.condition}
                </when>
                <when test="criterion.singleValue">
                  and ${criterion.condition} #{criterion.value}
                </when>
                <when test="criterion.betweenValue">
                  and ${criterion.condition} #{criterion.value} and #{criterion.secondValue}
                </when>
                <when test="criterion.listValue">
                  and ${criterion.condition}
                  <foreach close=")" collection="criterion.value" item="listItem" open="(" separator=",">
                    #{listItem}
                  </foreach>
                </when>
              </choose>
            </foreach>
          </trim>
        </if>
      </foreach>
    </where>
  </sql>
  <sql id="Update_By_Example_Where_Clause">
    <where>
      <foreach collection="example.oredCriteria" item="criteria" separator="or">
        <if test="criteria.valid">
          <trim prefix="(" prefixOverrides="and" suffix=")">
            <foreach collection="criteria.criteria" item="criterion">
              <choose>
                <when test="criterion.noValue">
                  and ${criterion.condition}
                </when>
                <when test="criterion.singleValue">
                  and ${criterion.condition} #{criterion.value}
                </when>
                <when test="criterion.betweenValue">
                  and ${criterion.condition} #{criterion.value} and #{criterion.secondValue}
                </when>
                <when test="criterion.listValue">
                  and ${criterion.condition}
                  <foreach close=")" collection="criterion.value" item="listItem" open="(" separator=",">
                    #{listItem}
                  </foreach>
                </when>
              </choose>
            </foreach>
          </trim>
        </if>
      </foreach>
    </where>
  </sql>
  <sql id="Base_Column_List">
    id, createDate, loginName, password, status, username
  </sql>
  <select id="selectByExample" parameterType="com.syc.oa.domain.TbUserExample" resultMap="BaseResultMap">
    select
    <if test="distinct">
      distinct
    </if>
    <include refid="Base_Column_List" />
    from tb_user
    <if test="_parameter != null">
      <include refid="Example_Where_Clause" />
    </if>
    <if test="orderByClause != null">
      order by ${orderByClause}
    </if>
  </select>
  <select id="selectByPrimaryKey" parameterType="java.lang.Integer" resultMap="BaseResultMap">
    select 
    <include refid="Base_Column_List" />
    from tb_user
    where id = #{id,jdbcType=INTEGER}
  </select>
  <delete id="deleteByPrimaryKey" parameterType="java.lang.Integer">
    delete from tb_user
    where id = #{id,jdbcType=INTEGER}
  </delete>
  <delete id="deleteByExample" parameterType="com.syc.oa.domain.TbUserExample">
    delete from tb_user
    <if test="_parameter != null">
      <include refid="Example_Where_Clause" />
    </if>
  </delete>
  <insert id="insert" parameterType="com.syc.oa.domain.TbUser">
    insert into tb_user (id, createDate, loginName, 
      password, status, username
      )
    values (#{id,jdbcType=INTEGER}, #{createdate,jdbcType=DATE}, #{loginname,jdbcType=VARCHAR}, 
      #{password,jdbcType=VARCHAR}, #{status,jdbcType=INTEGER}, #{username,jdbcType=VARCHAR}
      )
  </insert>
  <insert id="insertSelective" parameterType="com.syc.oa.domain.TbUser">
    insert into tb_user
    <trim prefix="(" suffix=")" suffixOverrides=",">
      <if test="id != null">
        id,
      </if>
      <if test="createdate != null">
        createDate,
      </if>
      <if test="loginname != null">
        loginName,
      </if>
      <if test="password != null">
        password,
      </if>
      <if test="status != null">
        status,
      </if>
      <if test="username != null">
        username,
      </if>
    </trim>
    <trim prefix="values (" suffix=")" suffixOverrides=",">
      <if test="id != null">
        #{id,jdbcType=INTEGER},
      </if>
      <if test="createdate != null">
        #{createdate,jdbcType=DATE},
      </if>
      <if test="loginname != null">
        #{loginname,jdbcType=VARCHAR},
      </if>
      <if test="password != null">
        #{password,jdbcType=VARCHAR},
      </if>
      <if test="status != null">
        #{status,jdbcType=INTEGER},
      </if>
      <if test="username != null">
        #{username,jdbcType=VARCHAR},
      </if>
    </trim>
  </insert>
  <select id="countByExample" parameterType="com.syc.oa.domain.TbUserExample" resultType="java.lang.Long">
    select count(*) from tb_user
    <if test="_parameter != null">
      <include refid="Example_Where_Clause" />
    </if>
  </select>
  <update id="updateByExampleSelective" parameterType="map">
    update tb_user
    <set>
      <if test="record.id != null">
        id = #{record.id,jdbcType=INTEGER},
      </if>
      <if test="record.createdate != null">
        createDate = #{record.createdate,jdbcType=DATE},
      </if>
      <if test="record.loginname != null">
        loginName = #{record.loginname,jdbcType=VARCHAR},
      </if>
      <if test="record.password != null">
        password = #{record.password,jdbcType=VARCHAR},
      </if>
      <if test="record.status != null">
        status = #{record.status,jdbcType=INTEGER},
      </if>
      <if test="record.username != null">
        username = #{record.username,jdbcType=VARCHAR},
      </if>
    </set>
    <if test="_parameter != null">
      <include refid="Update_By_Example_Where_Clause" />
    </if>
  </update>
  <update id="updateByExample" parameterType="map">
    update tb_user
    set id = #{record.id,jdbcType=INTEGER},
      createDate = #{record.createdate,jdbcType=DATE},
      loginName = #{record.loginname,jdbcType=VARCHAR},
      password = #{record.password,jdbcType=VARCHAR},
      status = #{record.status,jdbcType=INTEGER},
      username = #{record.username,jdbcType=VARCHAR}
    <if test="_parameter != null">
      <include refid="Update_By_Example_Where_Clause" />
    </if>
  </update>
  <update id="updateByPrimaryKeySelective" parameterType="com.syc.oa.domain.TbUser">
    update tb_user
    <set>
      <if test="createdate != null">
        createDate = #{createdate,jdbcType=DATE},
      </if>
      <if test="loginname != null">
        loginName = #{loginname,jdbcType=VARCHAR},
      </if>
      <if test="password != null">
        password = #{password,jdbcType=VARCHAR},
      </if>
      <if test="status != null">
        status = #{status,jdbcType=INTEGER},
      </if>
      <if test="username != null">
        username = #{username,jdbcType=VARCHAR},
      </if>
    </set>
    where id = #{id,jdbcType=INTEGER}
  </update>
  <update id="updateByPrimaryKey" parameterType="com.syc.oa.domain.TbUser">
    update tb_user
    set createDate = #{createdate,jdbcType=DATE},
      loginName = #{loginname,jdbcType=VARCHAR},
      password = #{password,jdbcType=VARCHAR},
      status = #{status,jdbcType=INTEGER},
      username = #{username,jdbcType=VARCHAR}
    where id = #{id,jdbcType=INTEGER}
  </update>
</mapper>