<?xml version="1.0" encoding="UTF-8"?>
<beans xmlns="http://www.springframework.org/schema/beans"
	xmlns:xsi="http://www.w3.org/2001/XMLSchema-instance"
	xmlns:mvc="http://www.springframework.org/schema/mvc"
	xmlns:context="http://www.springframework.org/schema/context"
	xmlns:aop="http://www.springframework.org/schema/aop" xmlns:tx="http://www.springframework.org/schema/tx"
	xsi:schemaLocation="http://www.springframework.org/schema/beans 
        http://www.springframework.org/schema/beans/spring-beans-3.1.xsd 
        http://www.springframework.org/schema/mvc 
        http://www.springframework.org/schema/mvc/spring-mvc-3.1.xsd 
        http://www.springframework.org/schema/context 
        http://www.springframework.org/schema/context/spring-context-3.1.xsd 
        http://www.springframework.org/schema/aop 
        http://www.springframework.org/schema/aop/spring-aop-3.1.xsd 
        http://www.springframework.org/schema/tx 
        http://www.springframework.org/schema/tx/spring-tx-3.1.xsd ">

	<context:property-placeholder location="classpath:db.properties" />

	<!-- 配置解密工具类 -->
	<bean id="dbPasswordCallback" class="com.syc.oa.utils.DBPasswordCallback"/>

	<bean id="dataSource" class="com.alibaba.druid.pool.DruidDataSource"
		init-method="init" destroy-method="close" lazy-init="true">
		
		<!-- 基本属性 url、user、password -->
		<property name="driverClassName" value="${jdbc.driverclass}" />
		<property name="url" value="${jdbc.url}" />
		<property name="username" value="${jdbc.username}" />
		<property name="password" value="${jdbc.password}" />
		
		<!-- 配置监控统计拦截的过滤器(防火墙) -->
		<property name="filters" value="wall,stat"/>
		
		<!-- 连接池中最大的活动连接数量 -->
		<property name="maxActive" value="2000"/>
		<!-- 连接池中初始的连接数量 -->
		<property name="initialSize" value="20"/>
		<!-- 最小空闲数量 -->
		<property name="minIdle" value="2"/>
		<!-- 最大空闲时间,单位毫秒 -->
		<property name="maxWait" value="600000"/>
		
		<!-- 配置间隔多久才进行一次检测，检测需要关闭的空闲连接，单位是毫秒 -->
		<property name="timeBetweenEvictionRunsMillis" value="60000" />

		<!-- 配置一个连接在池中最小生存的时间，单位是毫秒 -->
		<property name="minEvictableIdleTimeMillis" value="300000" />

		<!--记录慢sql -->
		<property name="proxyFilters">
			<list>
				<ref bean="stat-filter" />
				<ref bean="log-filter" />
			</list>
		</property>

		<!-- 打开PSCache，并且指定每个连接上PSCache的大小 -->
		<property name="poolPreparedStatements" value="true" />
		<property name="maxOpenPreparedStatements" value="20" />		
		
		<!-- 配置Druid的密码解密属性 -->
		<property name="connectionProperties" value="password=${jdbc.password}"/>
		<!-- 引用密码解密工具类 -->
		<property name="passwordCallback" ref="dbPasswordCallback"/>
	</bean>
	
	<!-- 慢SQL记录 -->
	<!-- 慢sql时间设置,即执行时间大于200毫秒的都是慢sql -->
	<bean id="stat-filter" class="com.alibaba.druid.filter.stat.StatFilter">
		<property name="slowSqlMillis" value="200" />
		<property name="logSlowSql" value="true" />
	</bean>
	<!-- 日志记录的过滤器 -->
	<bean id="log-filter" class="com.alibaba.druid.filter.logging.Log4jFilter">
		<property name="dataSourceLogEnabled" value="true" />
		<property name="statementExecutableSqlLogEnable" value="true" />
	</bean>
	
	

	<!-- 这个Bean要在Dao类中引用 -->
	<bean id="sqlSessionFactory" class="org.mybatis.spring.SqlSessionFactoryBean">
		<property name="dataSource" ref="dataSource" />
	</bean>

	<!-- MapperScannerConfigurer:用来批量创建代理对象.需要指明代理类的父类接口(UserMapper接口) -->
	<!-- 该类生成的代理对象的名称是Mapper接口的名称,但是首字母小写,userMapper -->
	<bean class="org.mybatis.spring.mapper.MapperScannerConfigurer">
		<!-- basePackage:指明代理对象的父接口的位置. -->
		<property name="basePackage" value="com.syc.oa.mapper" />
		<property name="sqlSessionFactoryBeanName" value="sqlSessionFactory" />
	</bean>

	
</beans>